timestamp_ms,temperature_c,acc_x_g,acc_y_g,acc_z_g,gyr_x_dps,gyr_y_dps,gyr_z_dps,mag_x_ut,mag_y_ut,mag_z_ut,mic_level,bat_voltage_v,bat_percent
0,34.98,-0.003,-0.009,1.013,0.06,-0.04,-0.53,-165.12,358.8,61.68,0.2,4.154,99
100,35.04,-0.001,-0.012,1.012,-0.13,0.17,-0.37,-170.23,347.52,68.37,0.3,4.155,99
200,34.93,-0.002,-0.007,1.012,0.21,-0.3,-0.44,-172.31,349.88,67.27,0.5,4.156,99
300,35.03,0.005,-0.008,1.011,0.28,0.26,-0.18,-173.62,358.94,65.68,0.5,4.156,99
400,34.99,-0.0,-0.006,1.012,0.28,-0.33,-0.03,-173.36,355.51,59.54,0.3,4.155,99
500,35.05,-0.002,-0.009,1.008,0.07,0.02,-0.05,-177.32,358.23,70.46,0.2,4.154,99
600,35.14,-0.001,-0.013,1.011,0.02,-0.01,-0.58,-167.06,356.34,61.03,0.3,4.155,99
700,35.02,-0.005,-0.011,1.012,-0.1,-0.06,0.1,-175.82,354.32,66.49,0.1,4.155,99
799,35.1,-0.004,-0.007,1.01,0.04,0.22,-0.39,-172.53,353.01,65.79,0.2,4.154,99
899,35.07,0.003,-0.01,1.013,-0.53,0.1,-0.81,-177.73,351.57,66.79,0.3,4.153,99
999,35.11,-0.003,-0.009,1.009,-0.09,-0.0,-0.1,-164.45,350.77,69.73,0.2,4.154,99
1099,35.11,0.003,-0.015,1.012,-0.01,0.05,-0.06,-170.89,349.53,70.18,23.7,4.153,99
1200,35.09,0.002,-0.008,1.012,-0.18,0.11,-0.17,-166.78,351.24,66.51,0.2,4.155,99
1300,35.15,0.002,-0.017,1.012,-0.08,0.33,-0.14,-165.22,358.76,69.98,0.3,4.154,99
1400,35.2,-0.005,-0.015,1.01,0.07,-0.14,-0.28,-172.01,354.05,62.92,0.4,4.153,99
1500,35.2,-0.003,-0.009,1.009,0.24,-0.04,-0.16,-173.61,357.17,62.13,0.4,4.154,99
1600,35.09,-0.002,-0.008,1.011,0.25,-0.0,-0.53,-173.79,356.28,64.94,0.3,4.155,99
1700,35.17,-0.006,-0.009,1.006,-0.4,-0.15,-0.23,-180.03,345.28,67.41,0.1,4.154,99
1800,35.14,0.003,-0.013,1.012,0.2,0.12,-0.53,-162.99,356.33,63.58,0.2,4.153,99
1900,35.16,0.001,-0.005,1.008,-0.02,0.09,-0.45,-171.91,356.21,68.87,0.5,4.154,99
2000,35.23,-0.005,-0.015,1.013,0.16,-0.15,-0.24,-176.12,346.92,62.84,0.2,4.154,99
2100,35.22,0.0,-0.011,1.013,-0.25,0.05,-0.45,-163.46,360.7,69.94,40.2,4.154,99
2200,35.27,0.001,-0.016,1.009,-0.07,-0.2,-0.62,-185.31,357.6,64.75,0.4,4.156,99
2300,35.13,-0.001,-0.013,1.009,-0.45,-0.12,-0.32,-166.34,351.62,66.08,0.4,4.154,99
2400,35.22,-0.0,-0.011,1.006,0.31,-0.26,-0.34,-165.68,356.78,72.29,0.3,4.153,99
2500,35.15,0.001,-0.009,1.015,0.08,0.15,-0.41,-177.34,353.8,66.46,0.2,4.153,99
2600,35.34,0.002,-0.008,1.007,0.3,0.23,-0.13,-173.32,355.64,68.01,0.4,4.153,99
2700,35.29,0.005,-0.012,1.01,0.06,0.27,-0.2,-172.62,358.51,65.38,0.3,4.155,99
2800,35.3,-0.004,-0.012,1.006,-0.17,-0.3,-0.25,-169.36,348.88,67.89,0.2,4.154,99
2900,35.28,0.003,-0.009,1.014,-0.28,0.22,-0.53,-171.34,360.1,67.21,0.4,4.156,99
3000,35.32,0.001,-0.01,1.008,0.05,-0.32,-0.5,-168.11,355.32,67.63,0.4,4.153,99
3100,35.3,-0.001,-0.013,1.003,-0.15,-0.25,-0.32,-166.88,356.7,66.22,0.6,4.152,99
3200,35.31,0.003,-0.009,1.0,-0.13,-0.22,-0.34,-174.09,353.57,66.52,0.7,4.152,99
3300,35.26,-0.001,-0.011,1.009,0.15,-0.1,-0.44,-162.53,344.66,61.19,0.1,4.153,99
3400,35.3,-0.003,-0.01,1.006,-0.44,-0.17,-0.64,-166.25,357.06,63.72,0.3,4.153,99
3500,35.28,0.004,-0.01,1.007,-0.16,-0.03,-0.4,-166.99,356.89,67.77,0.4,4.155,99
3600,35.36,-0.001,-0.011,1.01,0.1,0.05,-0.34,-161.55,351.31,74.87,0.5,4.153,99
3700,35.36,0.003,-0.006,1.007,0.1,0.5,-0.32,-168.22,365.84,68.07,0.3,4.153,99
3800,35.4,-0.001,-0.011,1.009,0.04,0.33,-0.15,-180.37,351.5,69.88,36.2,4.155,99
3900,35.37,-0.003,-0.005,1.015,0.46,0.35,-0.33,-173.39,360.11,68.69,0.0,4.153,99
4000,35.38,-0.001,-0.012,1.017,-0.13,0.27,-0.2,-158.89,355.97,71.71,0.4,4.153,99
4100,35.4,0.0,-0.014,1.012,-0.02,0.34,-0.42,-166.32,348.71,67.17,0.2,4.155,99
4200,35.42,0.001,-0.009,1.009,-0.31,0.16,-0.62,-162.86,350.26,64.71,0.3,4.154,99
4300,35.43,0.002,-0.01,1.006,0.12,0.23,-0.32,-163.33,348.49,60.9,0.6,4.152,99
4400,35.51,-0.004,-0.005,1.01,0.27,-0.5,-0.32,-163.57,350.08,70.25,0.2,4.154,99
4500,35.41,-0.003,-0.007,1.01,-0.04,-0.23,-0.33,-162.02,349.72,66.84,27.8,4.154,99
4600,35.45,-0.004,-0.013,1.015,-0.07,0.07,0.05,-161.51,347.23,71.85,0.4,4.155,99
4699,35.45,-0.001,-0.013,1.01,-0.19,-0.12,-0.32,-162.28,357.96,66.62,0.1,4.155,99
4799,35.42,-0.001,-0.015,1.005,-0.23,0.12,-0.24,-167.87,355.05,69.55,0.2,4.154,99
4899,35.46,-0.003,-0.009,1.01,0.04,0.05,-0.28,-168.92,355.49,65.69,0.2,4.155,99
